problem_index, alg_time
a,0.070736
b,0.385655
c,0.294994
d,1.555280
e,1.916947