problem_index, alg_time
a,0.200000
b,1.060000
c,0.860000
d,4.540000
e,3.250000